<?xml version='1.0' encoding='UTF-8'?>
<!DOCTYPE mapper
        PUBLIC "-//mybatis.org//DTD Mapper 3.0//EN"
        "http://mybatis.org/dtd/mybatis-3-mapper.dtd">
<mapper namespace="pojo">
    <resultMap type="message" id="messageBean">
        <id column="sender" property="sender" />
        <!-- 一对多的关系 -->
        <!-- property: 指的是集合属性的值, ofType：指的是集合中元素的类型 -->
        <collection property="message1" ofType="amessage">
            <id column="time" property="time" />
            <result column="message" property="message" />
        </collection>
    </resultMap>

    <!-- 关联查询分类和产品表 -->
    <select id="messagequery" resultMap="messagebean" parameterType="Deline">
            select  * from messages where receiver=#{receiver} and time>#{lasttime}
        </select>
    <insert id="messageinsert" parameterType="messageenty">
        insert into messages values (#{sender},#{receiver},#{time},#{message})
    </insert>

</mapper>
